<?xml version="1.0" encoding="UTF-8"?>
<project-private xmlns="http://www.netbeans.org/ns/project-private/1">
    <editor-bookmarks xmlns="http://www.netbeans.org/ns/editor-bookmarks/2" lastBookmarkId="0"/>
    <open-files xmlns="http://www.netbeans.org/ns/projectui-open-files/2">
        <group>
            <file>file:/C:/wamp/www/Athena/compte.php</file>
            <file>file:/C:/wamp/www/Athena/rechercher.php</file>
            <file>file:/C:/wamp/www/Athena/menu2.php</file>
            <file>file:/C:/wamp/www/Athena/affiche.php</file>
            <file>file:/C:/wamp/www/Athena/plan.php</file>
            <file>file:/C:/wamp/www/Athena/contact.php</file>
            <file>file:/C:/wamp/www/Athena/Acceuil3.php</file>
        </group>
    </open-files>
</project-private>
