<?xml version="1.0" encoding="UTF-8"?>
<project-private xmlns="http://www.netbeans.org/ns/project-private/1">
    <editor-bookmarks xmlns="http://www.netbeans.org/ns/editor-bookmarks/2" lastBookmarkId="0"/>
    <open-files xmlns="http://www.netbeans.org/ns/projectui-open-files/2">
        <group>
            <file>file:/C:/wamp/www/Athena/affichep.php</file>
            <file>file:/C:/wamp/www/Athena/connection.php</file>
            <file>file:/C:/wamp/www/Athena/connexion.php</file>
            <file>file:/C:/wamp/www/Athena/Acceuil.php</file>
        </group>
    </open-files>
</project-private>
